<?xml version="1.0" encoding="UTF-8"?>

<!--Copyright (c) 2012 by Subset Games. All rights reserved.-->
<img x="-42" y="-136" w="540" h="686" />
<offsets>
	<floor x="270" y="343" />
	<cloak x="0" y="0" />
</offsets>
<weaponMounts>
	<mount x="208" y="251" rotate="false" mirror="true" gib="-1" slide="left" />
	<mount x="333" y="256" rotate="false" mirror="false" gib="-1" slide="right" />
	<mount x="165" y="356" rotate="false" mirror="false" gib="-1" slide="up" />
	<mount x="375" y="356" rotate="false" mirror="true" gib="-1" slide="up" />
	<mount x="59" y="196" rotate="false" mirror="true" gib="-1" slide="no" />
	<mount x="481" y="196" rotate="false" mirror="false" gib="-1" slide="no" />
	<mount x="234" y="242" rotate="false" mirror="false" gib="-1" slide="no" />
	<mount x="305" y="240" rotate="false" mirror="false" gib="-1" slide="no" />
</weaponMounts>
<explosion />

