<?xml version="1.0" encoding="UTF-8"?>

<!--Copyright (c) 2012 by Subset Games. All rights reserved.-->
<img x="-8" y="-47" w="367" h="491" />
<offsets>
	<floor x="183" y="245" />
	<cloak x="-13" y="-13" />
</offsets>
<weaponMounts>
	<mount x="287" y="298" rotate="false" mirror="true" gib="-1" slide="left" />
	<mount x="80" y="298" rotate="false" mirror="false" gib="-1" slide="right" />
	<mount x="364" y="153" rotate="false" mirror="false" gib="-1" slide="right" />
	<mount x="4" y="153" rotate="false" mirror="true" gib="-1" slide="left" />
	<mount x="229" y="29" rotate="false" mirror="true" gib="-1" slide="no" />
</weaponMounts>
<explosion />

