<?xml version="1.0" encoding="UTF-8"?>

<!--Copyright (c) 2012 by Subset Games. All rights reserved.-->
<img x="-38" y="-101" w="382" h="517" />
<offsets>
	<floor x="34" y="97" />
	<cloak x="0" y="0" />
</offsets>
<weaponMounts>
	<mount x="215" y="237" rotate="true" mirror="true" gib="-1" slide="up" />
	<mount x="214" y="281" rotate="true" mirror="false" gib="-1" slide="down" />
	<mount x="302" y="135" rotate="true" mirror="false" gib="-1" slide="down" />
	<mount x="302" y="382" rotate="true" mirror="true" gib="-1" slide="up" />
	<mount x="120" y="224" rotate="true" mirror="false" gib="-1" slide="no" />
</weaponMounts>
<explosion />

