<?xml version="1.0" encoding="UTF-8"?>

<!--Copyright (c) 2012 by Subset Games. All rights reserved.-->
<img x="-101" y="-99" w="517" h="382" />
<offsets>
	<floor x="258" y="191" />
	<cloak x="0" y="0" />
</offsets>
<weaponMounts>
	<mount x="277" y="178" rotate="false" mirror="false" gib="-1" slide="up" />
	<mount x="239" y="178" rotate="false" mirror="true" gib="-1" slide="up" />
	<mount x="382" y="100" rotate="false" mirror="true" gib="-1" slide="up" />
	<mount x="134" y="100" rotate="false" mirror="false" gib="-1" slide="up" />
</weaponMounts>
<explosion />

